{
  "metrics/precision(B)": 0.7759475039644406,
  "metrics/recall(B)": 0.07837656481509428,
  "metrics/mAP50(B)": 0.11519143078676,
  "metrics/mAP50-95(B)": 0.06571369202232934,
  "fitness": 0.06571369202232934
}